{"cameraMode":{"drawMode":0,"name":"Shaded","section":"Shading Mode"},"sceneLighting":false,"audioPlay":false,"sceneViewState":{"m_AlwaysRefresh":false,"showFog":true,"showSkybox":false,"showFlares":true,"showImageEffects":true,"showParticleSystems":true,"showVisualEffectGraphs":true,"m_FxEnabled":true},"in2DMode":false,"pivot":{"x":-0.006542861461639404,"y":-0.0013465434312820435,"z":0.003780156373977661},"rotation":{"x":-0.17046767473220826,"y":-0.008279313333332539,"z":0.0014308689860627056,"w":-0.9853345155715942},"size":0.3435509502887726,"orthographic":false}