{"cameraMode":{"drawMode":0,"name":"Shaded","section":"Shading Mode"},"sceneLighting":false,"audioPlay":false,"sceneViewState":{"m_AlwaysRefresh":false,"showFog":true,"showSkybox":false,"showFlares":true,"showImageEffects":true,"showParticleSystems":true,"showVisualEffectGraphs":true,"m_FxEnabled":true},"in2DMode":false,"pivot":{"x":0.013080954551696778,"y":0.007604822516441345,"z":-0.009042128920555115},"rotation":{"x":-0.17046767473220826,"y":-0.008279313333332539,"z":0.0014308689860627056,"w":-0.9853345155715942},"size":2.4304659366607668,"orthographic":false}